#,hora_local,hora_utc,cuenta,nombre,tipo,likes,reposts,respuestas,texto,url
1,2026-09-24 10:30,2026-09-24 15:30,@NexJournal,NexJournal,,1,1,0,"| El Vicepresidente José Manuel Restrepo propuso en Nueva York un programa piloto con Microsoft para impulsar la formación en IA y computación cuántica. Según informó el alto funcionario a Canal 1, la iniciativa busca consolidar la agenda tecnológica del gobierno de",https://x.com/NexJournal/status/2103144969112293483
2,2026-09-24 11:46,2026-09-24 16:46,@Emirates_News,Emirates News,,1,1,0,"HH Sheikh Abdullah bin Zayed Al Nahyan met with José Manuel Restrepo, Vice President of Colombia, on the sidelines of the 81st session of the United Nations General Assembly (UNGA) in New York. #EmiratesNews #DubaiOneTv #Dubai #News",https://x.com/Emirates_News/status/2103164293445210138
3,2026-09-24 11:59,2026-09-24 16:59,@CABLENOTICIAS,CABLENOTICIAS,,1,0,0,EN VIVO | Vicepresidente José Manuel Restrepo habla ante la ONU | CABLENOTICIAS,https://x.com/CABLENOTICIAS/status/2103167326841639360
4,2026-09-24 12:00,2026-09-24 17:00,@larepublica_co,Diario La República,,9,6,2,"#Atento I El vicepresidente, José Manuel Restrepo, entregó declaraciones antes de leer el discurso del presidente Abelardo de la Espriella en la Asamblea General de las Naciones Unidas",https://x.com/larepublica_co/status/2103167730673242473
5,2026-09-24 12:05,2026-09-24 17:05,@JulianZamudio,Julián Zamudio,,8,4,0,¡TECNOLOGÍA Y AUTORIDAD CONTRA EL CRIMEN! El VP José Manuel Restrepo fue contundente en el Escudo de las Américas: exigió fortalecer a nuestra Fuerza Pública con tecnología e inteligencia. ¡Se acabó la era donde la izquierda desarmó al Estado para premiar terroristas! Hoy,https://x.com/JulianZamudio/status/2103168945637216686
6,2026-09-24 12:05,2026-09-24 17:05,@minuto60com,Minuto60,,0,0,0,#Economía | José Manuel Restrepo aseguró en Andesco que Colombia necesita recuperar la inversión y advirtió sobre el riesgo de un apagón.,https://x.com/minuto60com/status/2103168965841195127
7,2026-09-24 12:16,2026-09-24 17:16,@CABLENOTICIAS,CABLENOTICIAS,,0,0,0,"#Noticias | Hoy, José Manuel Restrepo lleva la voz de Colombia ante la Asamblea General de la ONU en Nueva York. Conozca los detalles.",https://x.com/CABLENOTICIAS/status/2103171619002699987
8,2026-09-24 12:17,2026-09-24 17:17,@NoticiasRCN,Noticias RCN,,149,36,2,"""Estamos emocionados de presentar el discurso del presidente de Colombia ante la ONU y mostrar el inicio de un nuevo gobierno"": esto dijo el vicepresidente José Manuel Restrepo desde Nueva York antes de dar el discurso.",https://x.com/NoticiasRCN/status/2103171923060429251
9,2026-09-24 12:18,2026-09-24 17:18,@Fortencrantz,David Mauricio Castrillon Kerrigan 孔天威,,1,1,0,#UNGA81 está en sección de vicepresidentes. Habló el vicepresidente de Guinea Ecuatorial. En este momento habla el de Gambia. Y después sigue José Manuel Restrepo,https://x.com/Fortencrantz/status/2103172218134180074
10,2026-09-24 12:21,2026-09-24 17:21,@NOTICIASEDL,NOTICIAS EDL,,0,0,0,"#POLÍTICA | Antes de dar su discurso en las Naciones Unidas en Nueva York, Estados Unidos, el vicepresidente José Manuel Restrepo dijo que el equipo del Gobierno Nacional está 'emocionado de presentar el discurso del presidente y mostrar el inicio de un nuevo gobierno'.",https://x.com/NOTICIASEDL/status/2103173046286831754
11,2026-09-24 12:25,2026-09-24 17:25,@UltimaHoraCR,ÚltimaHoraCaracol,,16,6,1,"#Política | El vicepresidente José Manuel Restrepo ( @jrestrp ), en nombre del Gobierno de Colombia, llegó a la sede de la ONU en Nueva York para hacer su presentación ante la Asamblea General de las Naciones Unidas. Habló sobre la expectativa del mensaje que entregará ante la",https://x.com/UltimaHoraCR/status/2103174028806557926
12,2026-09-24 12:27,2026-09-24 17:27,@mauriciomatri,Mauricio MaTri,,8,6,0,"Vicepresidente, en sus manos encomendamos la Patria Milagro: ""Estamos emocionados de presentar el discurso del presidente de Colombia ante la ONU y mostrar el inicio de un nuevo gobierno"". Jose Manuel Restrepo todo un crack.",https://x.com/mauriciomatri/status/2103174597738721443
13,2026-09-24 12:29,2026-09-24 17:29,@Canal1_Col,Canal 1,,1,1,1,"#EnPunto | La delegación colombiana se prepara en la ONU para la intervención del vicepresidente José Manuel Restrepo, que se realizará en los próximos minutos. En el lugar están presentes el embajador ante la ONU, Mauricio Gaona; la embajadora de Colombia en Estados Unidos,",https://x.com/Canal1_Col/status/2103175117387846031
14,2026-09-24 12:31,2026-09-24 17:31,@mincultura,MinCultura Colombia,,0,2,0,Colombia tiene una voz en las grandes conversaciones del mundo. Conéctate en minutos a la intervención del vicepresidente José Manuel Restrepo ( @jrestrp ) ante el pleno de la Organización de Naciones Unidas (ONU). Transmisión en vivo https:// gadebate.un.org/es,https://x.com/mincultura/status/2103175557194113135
15,2026-09-24 12:35,2026-09-24 17:35,@larepublica_co,Diario La República,,2,0,0,"#Atento I Vicepresidencia confirmó que no hay ningún encuentro bilateral con el primer ministro de Israel, Benjamin Netanyahu, programado en la agenda del vicepresidente José Manuel Restrepo",https://x.com/larepublica_co/status/2103176563156013081
16,2026-09-24 12:37,2026-09-24 17:37,@martinoticias,Martí Noticias,,1,0,0,"Una “nueva etapa” para América Latina. El vicepresidente de Colombia José Manuel Restrepo, destacó que varios países de la región trabajan por la democracia, las libertades y la iniciativa privada como pilares para impulsar el crecimiento.",https://x.com/martinoticias/status/2103176963498319918
17,2026-09-24 12:39,2026-09-24 17:39,@onucolombia,ONU Colombia,,7,4,0,#Ahora - El vicepresidente José Manuel Restrepo interviene en el debate general de la Asamblea General de la ONU #UNGA81 Síguelo #EnVivo En español: https:// webtv.un.org/es/asset/k18/k 18iyhzwip … @ViceColombia @jrestrp,https://x.com/onucolombia/status/2103177521877454937
18,2026-09-24 12:39,2026-09-24 17:39,@CancilleriaCol,Cancillería Colombia,,7,6,0,"#AEstaHora Colombia interviene ante la Asamblea General de las Naciones Unidas, en el 81.º período de sesiones. El vicepresidente José Manuel Restrepo ( @jrestrp ), el canciller Omar Bula y el embajador de Colombia ante la ONU, @JMauricioGaona , representan al país ante la",https://x.com/CancilleriaCol/status/2103177558883721297
19,2026-09-24 12:39,2026-09-24 17:39,@elmeridiano_co,EL MERIDIANO,,0,0,0,"#Colombia | El vicepresidente José Manuel Restrepo llegó a la sede de la Organización de las Naciones Unidas (ONU), en Nueva York, donde realizará su presentación ante la Asamblea General en representación del Gobierno de Colombia. Restrepo señaló que existe expectativa por el",https://x.com/elmeridiano_co/status/2103177641217949703
20,2026-09-24 12:40,2026-09-24 17:40,@kienyke,Kienyke,,0,0,0,En vivo l José Manuel Restrepo habla ante la ONU,https://x.com/kienyke/status/2103177760336421374
21,2026-09-24 12:40,2026-09-24 17:40,@Fortencrantz,David Mauricio Castrillon Kerrigan 孔天威,,3,0,0,Arrancó Jose Manuel Restrepo. En inglés.,https://x.com/Fortencrantz/status/2103177803755626988
22,2026-09-24 12:41,2026-09-24 17:41,@LuisFeLugo,Luis Felipe Lugo,,0,0,0,Comienza la intervención del Vicepresidente José Manuel Restrepo ante la Asamblea General de la ONU #UNGA #ONU,https://x.com/LuisFeLugo/status/2103178028167631250
23,2026-09-24 12:41,2026-09-24 17:41,@CABLENOTICIAS,CABLENOTICIAS,,1,1,0,EN VIVO: José Manuel Restrepo da discurso ante la Asamblea General de la ONU,https://x.com/CABLENOTICIAS/status/2103178050254909493
24,2026-09-24 12:41,2026-09-24 17:41,@OPITACERRONEIVA,OPITA-CERRO-NEIVA,,0,0,0,"Las veces que sean.... CON MOTIVO DE LA POSESIÓN DEL DOCTOR ABELARDO DE LA ESPRIELLA COMO PRESIDENTE DE COLOMBIA Y EL DOCTOR JOSE MANUEL RESTREPO VICEPRESIDENTE, RECOPILE ESTAS CANCIONES Y JINGLES QUE HEMOS CONOCIDO DURANTE LA CAMPAÑA Y DESPUES DE ELLA:**",https://x.com/OPITACERRONEIVA/status/2103178123814830573
25,2026-09-24 12:42,2026-09-24 17:42,@ELTIEMPO,EL TIEMPO,,0,0,0,"EN VIVO: El vicepresidente José Manuel Restrepo interviene ante la ONU. Siga la transmisión en vivo con los temas clave de su discurso, el contexto internacional y las reacciones oficiales:",https://x.com/ELTIEMPO/status/2103178191653265438
26,2026-09-24 12:42,2026-09-24 17:42,@Fortencrantz,David Mauricio Castrillon Kerrigan 孔天威,,2,1,0,"José Manuel Restrepo empieza su discurso en inglés, hablando por sí mismo. Después, aclara que leerá un discurso escrito por De La Espriella. A ese punto, pasa a hablar en español.",https://x.com/Fortencrantz/status/2103178375204614636
27,2026-09-24 12:43,2026-09-24 17:43,@ELTIEMPO,EL TIEMPO,,1,0,0,EN VIVO: El vicepresidente José Manuel Restrepo interviene a esta hora ante la ONU. Siga aquí la transmisión:,https://x.com/ELTIEMPO/status/2103178445136019494
28,2026-09-24 12:44,2026-09-24 17:44,@minuto60com,Minuto60,,2,1,0,"#Política | José Manuel Restrepo debutó ante la ONU como representante de Colombia y comenzó leyendo el discurso de Abelardo de la Espriella. El mensaje incluyó una referencia al terremoto de magnitud 7,4 que golpeó al país.",https://x.com/minuto60com/status/2103178755904594424
29,2026-09-24 12:44,2026-09-24 17:44,@lcvelez,Luis Carlos Vélez,,10,7,0,ENVIVO - José Manuel Restrepo en Asamblea de la ONU | Velez por la mañana https:// youtube.com/live/H0zSGllD- 74?is=NJ1wuJdSzFw0ZUjB … via @YouTube,https://x.com/lcvelez/status/2103178816210489610
30,2026-09-24 12:46,2026-09-24 17:46,@NoticiasONU,Noticias ONU,,4,5,1,"""Ningún país prospera cuando sus habitantes dejan de confiar en él. El gobierno tiene la tarea de que los colombianos y el mundo vuelvan a confiar en Colombia. A este propósito lo llamo la Patria Milagro"" José Manuel Restrepo @jrestrp , vicepresidente de Colombia #UNGA",https://x.com/NoticiasONU/status/2103179295338152240
31,2026-09-24 12:46,2026-09-24 17:46,@BluRadioCo,BluRadio Colombia,,1,0,1,"#AlAire A esta hora habla ante la ONU el vicepresidente de Colombia, José Manuel Restrepo Escúchelo aquí →",https://x.com/BluRadioCo/status/2103179331610808492
32,2026-09-24 12:46,2026-09-24 17:46,@hnieto78,Nano Nieto Romero,,2,1,0,EN VIVO. Declaración del Gobierno de Abelardo De La Espriella en la ONU. El vicepresidente José Manuel Restrepo transmite el discurso del jefe de Estado. Véalo aquí:,https://x.com/hnieto78/status/2103179343572673000
33,2026-09-24 12:46,2026-09-24 17:46,@NoticiasRCN,Noticias RCN,,44,10,3,#ATENCIÓN | Comienza la intervención del vicepresidente José Manuel Restrepo ante Naciones Unidas en Nueva York. Siga aquí la transmisión https:// brnw.ch/21x5Wqu,https://x.com/NoticiasRCN/status/2103179369023991919
34,2026-09-24 12:47,2026-09-24 17:47,@UltimaHoraCR,ÚltimaHoraCaracol,,28,11,0,"#Políticia | A esta hora, el vicepresidente José Manuel Restrepo ( @jrestrp ) interviene, en nombre del Gobierno de Colombia, ante la Asamblea General de la ONU. Inició agradeciendo a la comunidad internacional por la ayuda que han enviado para los damnificados por el terremoto",https://x.com/UltimaHoraCR/status/2103179654513246572
35,2026-09-24 12:48,2026-09-24 17:48,@monstergarach,Elsetentasgenario,,0,0,0,Imaginen la chivacoptero frenteando una reunión como la que frente a José Manuel Restrepo en la ONU ? I do you speak inglés ? Usted que me toca la ingle y yo que le meto su patada !!!!!,https://x.com/monstergarach/status/2103179835166322700
36,2026-09-24 12:48,2026-09-24 17:48,@josdavidbem,José David Benavides Merino,,3,0,0,La mejor representación de Colombia ante la ONU en muchísimos años ! Que bien el vice José Manuel Restrepo !,https://x.com/josdavidbem/status/2103179860382195740
37,2026-09-24 12:50,2026-09-24 17:50,@nms_kira,NMSKira,,1,0,0,"No, el siguiente es Jose Manuel Restrepo",https://x.com/nms_kira/status/2103180204873339356
38,2026-09-24 12:51,2026-09-24 17:51,@lafm,La FM,,3,0,0,"#Colombia | EN VIVO: Habla el vicepresidente José Manuel Restrepo desde la ONU Siga la transmisión en vivo, aquí:",https://x.com/lafm/status/2103180419869168035
39,2026-09-24 12:51,2026-09-24 17:51,@NOTICIASEDL,NOTICIAS EDL,,0,0,0,"#POLÍTICA | En este momento, el vicepresidente José Manuel Restrepo se dirige a la Asamblea General de la ONU en Nueva York, en nombre del gobierno colombiano. Comenzó agradeciendo a la comunidad internacional la ayuda enviada a las víctimas del terremoto del 10 de agosto.",https://x.com/NOTICIASEDL/status/2103180563150786806
40,2026-09-24 12:51,2026-09-24 17:51,@ELTIEMPO,EL TIEMPO,,7,1,1,Vicepresidente José Manuel Restrepo habla ante la Asamblea General de la ONU: las claves de su discurso,https://x.com/ELTIEMPO/status/2103180607329091938
41,2026-09-24 12:51,2026-09-24 17:51,@NoticiasCaracol,Noticias Caracol,,10,3,8,#Política l El vicepresidente José Manuel Restrepo interviene ante la Asamblea General de la ONU en Nueva York,https://x.com/NoticiasCaracol/status/2103180641424613614
42,2026-09-24 12:51,2026-09-24 17:51,@ELTIEMPO,EL TIEMPO,,12,1,2,"La intervención del vicepresidente José Manuel Restrepo ante la ONU inició con un mensaje enviado por el presidente De La Espriella en el cual afirmó: ""Le aseguré al pueblo colombiano que no saldré del país durante los 4 años de mi mandato, estoy cumpliendo esta promesa"".",https://x.com/ELTIEMPO/status/2103180662203195663
43,2026-09-24 12:52,2026-09-24 17:52,@JuanAndresGarcs,Juan Andres Garces Villarreal,,1,0,0,"Habla el señor vicepresidente José Manuel Restrepo, muy destacado, habla de las condiciones para la generación de riqueza en nuestra gran nación, nuevos modelos de educación donde menciona a Mompox, 4 años después, la Colombia respetable, sería e intelectual habla ante el mundo.",https://x.com/JuanAndresGarcs/status/2103180698945470859
44,2026-09-24 12:52,2026-09-24 17:52,@RevistaSemana,Revista Semana,,140,38,6,"""A quienes desde cualquier lugar del mundo están buscando dónde invertir, quiero invitarlos a que miren a Colombia"": vicepresidente José Manuel Restrepo en discurso de Gobierno ante la ONU. https:// semana.com/semana-tv/sema na-noticias/articulo/jose-manuel-restrepo-interviene-en-la-asamblea-general-de-la-onu/202615/ …",https://x.com/RevistaSemana/status/2103180795498115303
45,2026-09-24 12:54,2026-09-24 17:54,@jdukel,Jorge E. Duque L,,1,0,0,"Están oyendo al Vicepresidente José Manuel Restrepo, en representación de Abelardo de la Espriella en el discurso ante la ONU? Que cambio!!! Cómo perdimos 4 años de nuestras vidas en el pasado cercano? VAMOS COLOMBIA!!",https://x.com/jdukel/status/2103181216270672009
46,2026-09-24 12:55,2026-09-24 17:55,@Portafolioco,Portafolio,,2,0,0,"Vicepresidente José Manuel Restrepo @jrestrp habla ante la ONU El funcionario comparece en Nueva York, en el marco de la Asamblea General. Detalles",https://x.com/Portafolioco/status/2103181538045108315
47,2026-09-24 12:56,2026-09-24 17:56,@elcolombiano,El Colombiano,,4,0,0,Minuto a minuto | José Manuel Restrepo inicia su discurso en la Asamblea General de la ONU,https://x.com/elcolombiano/status/2103181687433650622
48,2026-09-24 12:56,2026-09-24 17:56,@McLovinPosso,Stiven,,0,0,0,Jose Manuel Restrepo es presidenciable,https://x.com/McLovinPosso/status/2103181735466799421
49,2026-09-24 12:56,2026-09-24 17:56,@NoticiasRCN,Noticias RCN,,17,7,2,"#Atención A esta hora, en representación del Gobierno, el vicepresidente José Manuel Restrepo ofrece su discurso ante la 81.ª Asamblea General de las Naciones Unidas",https://x.com/NoticiasRCN/status/2103181787534881143
50,2026-09-24 12:56,2026-09-24 17:56,@elheraldoco,EL HERALDO,,3,0,0,#EnVivo | El vicepresidente José Manuel Restrepo habla ante la Asamblea General de la ONU en Nueva York Siga aquí la transmisión https:// tinyurl.com/mr225dnx,https://x.com/elheraldoco/status/2103181815561216100
51,2026-09-24 12:57,2026-09-24 17:57,@ELTIEMPO,EL TIEMPO,,4,1,0,"""Un Gobierno que apenas comenzaba tuvo que enfrentar las mayores tragedias naturales de nuestra historia reciente. No hubo tiempo para preguntar si estábamos preparados. Había que actuar y actuamos"": el vicepresidente José Manuel Restrepo habló sobre el devastador terremoto del",https://x.com/ELTIEMPO/status/2103181972839485772
52,2026-09-24 12:57,2026-09-24 17:57,@IHearCovfefe,John S. Mosby,,0,0,0,Colombia VP Jose Manuel Restrepo is speaking. Bibi is up next,https://x.com/IHearCovfefe/status/2103182002593902956
53,2026-09-24 12:57,2026-09-24 17:57,@TelemundoNews,Noticias Telemundo,,1,0,0,"El discurso de José Manuel Restrepo, vicepresidente de Colombia, ante la ONU.",https://x.com/TelemundoNews/status/2103182072546222573
54,2026-09-24 12:57,2026-09-24 17:57,@diariodelhuila,Diario del Huila,,1,1,0,José Manuel Restrepo agradeció ante la ONU la ayuda internacional enviada a los damnificados por el terremoto del 10 de agosto #Colombia #ONU #Terremoto #Huila #AyudaHumanitaria,https://x.com/diariodelhuila/status/2103182071036260690
55,2026-09-24 12:59,2026-09-24 17:59,@TavoAgudelo529,Gustavo Agudelo M,,0,0,0,Será que los zánganos petristas irán a pedir derecho a la réplica al discurso del Vicepresidente José Manuel Restrepo en el recinto de la ONU?,https://x.com/TavoAgudelo529/status/2103182507013259707
56,2026-09-24 12:59,2026-09-24 17:59,@RevistaSemana,Revista Semana,,54,26,0,El vicepresidente José Manuel Restrepo transmitió ante la Asamblea General de la ONU un mensaje del presidente Abelardo De La Espriella: “Organizaciones que asesinan y secuestran son grupos terroristas”. https:// semana.com,https://x.com/RevistaSemana/status/2103182644041462109
57,2026-09-24 13:00,2026-09-24 18:00,@LaRazonCo,LA RAZÓN. CO,,2,1,0,"#Mundo | El vicepresidente José Manuel Restrepo aseguró ante la ONU que su gobierno prioriza la recuperación de la seguridad en Colombia mediante el restablecimiento de la autoridad estatal y el control territorial. Durante su intervención, denunció situaciones como la extorsión",https://x.com/LaRazonCo/status/2103182701209567252
58,2026-09-24 13:00,2026-09-24 18:00,@jrestrp,José Manuel Restrepo Abondano,,125,54,13,"Colombia habla ante el mundo. En la Asamblea General de la ONU, el vicepresidente José Manuel Restrepo, en representación del presidente Abelardo De La Espriella, deja un mensaje claro: un país que no se rinde, que quiere volver a confiar en sí mismo y que invita al mundo a",https://x.com/jrestrp/status/2103182816867655957
59,2026-09-24 13:01,2026-09-24 18:01,@elespectador,El Espectador,,1,0,0,El vicepresidente José Manuel Restrepo habló ante la ONU con el discurso del presidente Abelardo de la Espriella. Esto dijo.,https://x.com/elespectador/status/2103183018454126600
60,2026-09-24 13:01,2026-09-24 18:01,@Horadelaverdad,La Hora de La Verdad,,5,1,0,"“No seguiremos con la Paz Total” El vicepresidente José Manuel Restrepo @jrestrp afirmó en el Council on Foreign Relations, en Nueva York, que el Gobierno no continuará con esa política porque, según dijo, “sería mostrar, otra vez, impunidad en Colombia”.",https://x.com/Horadelaverdad/status/2103183025152692399
61,2026-09-24 13:01,2026-09-24 18:01,@UltimaHoraCR,ÚltimaHoraCaracol,,9,4,3,"#Política | “¿Está la ONU cumpliendo aquellos propósitos con la eficacia que exige el mundo actual?”, preguntó el vicepresidente José Manuel Restrepo ( @jrestrp ) ante la Asamblea General de las Naciones Unides. En nombre del presidente Abelardo de la Espriella ( @ABDELAESPRIELLA )",https://x.com/UltimaHoraCR/status/2103183068429496562
62,2026-09-24 13:03,2026-09-24 18:03,@Logan6376,Psych,,1,2,0,Vicepresidente José Manuel Restrepo habla ante la Asamblea General de la ONU: las claves de su discurso,https://x.com/Logan6376/status/2103183449611812952
63,2026-09-24 13:04,2026-09-24 18:04,@lafm,La FM,,25,6,0,"#Internacional | “Son grupos terroristas”: el vicepresidente José Manuel Restrepo leyó ante la ONU un discurso del presidente Abelardo de la Espriella, en el que afirmó que las organizaciones que asesinan, secuestran, utilizan explosivos, reclutan menores y recurren",https://x.com/lafm/status/2103183910763130982
64,2026-09-24 13:05,2026-09-24 18:05,@ELTIEMPO,EL TIEMPO,,3,0,1,"En su discurso ante la ONU, el vicepresidente José Manuel Restrepo hizo un llamado a la corresponsabilidad global en la lucha contra el narcotráfico, el cual catalogó como un delito transnacional. ""Una amenaza trasnacional exige que la comunidad internacional haga su parte. La",https://x.com/ELTIEMPO/status/2103184041230934199
65,2026-09-24 13:05,2026-09-24 18:05,@NoticiasDCesar,Noticias del Cesar,,0,0,0,"El vicepresidente José Manuel Restrepo se reunió en Nueva York con el secretario general de Naciones Unidas, António Guterres, en el marco de la Asamblea General de la ONU.",https://x.com/NoticiasDCesar/status/2103184108965044633
66,2026-09-24 13:05,2026-09-24 18:05,@AsinomasDigo,Una Ciudadana Comúc,,0,0,0,Tocaba llevar a José Manuel Restrepo a la ONU para que nos explicará que era la Patria Milagro. Igual muy floja la intervención aunque entiendo que su fin realmente era atraer inversión. Ojalá funcione.,https://x.com/AsinomasDigo/status/2103184117776908789
67,2026-09-24 13:06,2026-09-24 18:06,@infobaecolombia,Infobae Colombia,,0,0,0,AHORA | El vicepresidente José Manuel Restrepo leyó discurso de Abelardo de la Espriella en Naciones Unidas con críticas al globalismo y a la misma ONU: “No busco complacer a nadie” https:// infob.ae/4ywYtWt,https://x.com/infobaecolombia/status/2103184290721001912
68,2026-09-24 13:06,2026-09-24 18:06,@Canal1_Col,Canal 1,,0,0,1,"#EnPunto | Durante su intervención ante la ONU, el vicepresidente José Manuel Restrepo expresó las críticas del Gobierno colombiano frente al funcionamiento de la organización y cuestionó si está cumpliendo de manera efectiva sus objetivos. Canal 1 Noticias, #1EnInformación",https://x.com/Canal1_Col/status/2103184315773288919
69,2026-09-24 13:06,2026-09-24 18:06,@CaracolRadio,Caracol Radio,,2,0,0,"#Política | EN VIVO: José Manuel Restrepo, vicepresidente de Colombia, habla ante la Asamblea General de la ONU",https://x.com/CaracolRadio/status/2103184365861671238
70,2026-09-24 13:06,2026-09-24 18:06,@Jorgevera_15,j,,0,0,0,El discurso de José Manuel Restrepo fue una cosa,https://x.com/Jorgevera_15/status/2103184375323955487
71,2026-09-24 13:07,2026-09-24 18:07,@NOTICIASEDL,NOTICIAS EDL,,0,0,0,"#POLÍTICA | 'Mi país es consecuente', dijo el vicepresidente José Manuel Restrepo en su discurso ante la Asamblea General de las Naciones Unidas y realizó una crítica constructiva a la entidad preguntando si se encuentra cumpliendo con la eficacia que le exigen al mundo actual.",https://x.com/NOTICIASEDL/status/2103184465405087828
72,2026-09-24 13:07,2026-09-24 18:07,@mapana1970,Patty,,1,1,0,"Qué diferencia de alocución del viceministro actual José Manuel Restrepo hoy y el adicto intergalactico en la ONU Se le retiraron al jefe de Israel cómo se le salían a Petro , ignorantes q no saben el terror de Gaza , viva Israel",https://x.com/mapana1970/status/2103184478738776396
73,2026-09-24 13:07,2026-09-24 18:07,@LaRazonCo,LA RAZÓN. CO,,0,0,0,"#Mundo | El vicepresidente de Colombia, José Manuel Restrepo, afirmó ante la ONU que el narcotráfico es una empresa transnacional cuyas rutas y redes superan las fronteras nacionales. Sostuvo que Colombia asumirá su responsabilidad en la lucha contra las drogas ilícitas, pero",https://x.com/LaRazonCo/status/2103184605524250855
74,2026-09-24 13:07,2026-09-24 18:07,@JoseAPorto,Jose Porto,,0,0,0,"¡Qué diferencia! Bravo a nuestro vicepresidente @jrestrp Jose Manuel Restrepo y al excelente discurso enviado por el Presidente @ABDELAESPRIELLA Abelardo de la Espriella. Claro, concreto, profundo y con una propuesta a toda la asamblea para la lucha contra el terrorismo.",https://x.com/JoseAPorto/status/2103184637061210482
75,2026-09-24 13:08,2026-09-24 18:08,@lafm,La FM,,5,0,1,"#Internacional | El vicepresidente José Manuel Restrepo pidió ante la ONU una mayor acción de la comunidad internacional para enfrentar el narcotráfico, al advertir que se trata de una amenaza transnacional que atraviesa fronteras y cuyas redes operan en numerosos países. “La",https://x.com/lafm/status/2103184789830619283
76,2026-09-24 13:08,2026-09-24 18:08,@VPITV,VPItv,,4,1,0,"José Manuel Restrepo, vicepresidente de Colombia, lee en la Asamblea General de la ONU un mensaje de Abelardo De La Espriella: ""Confiamos en una transición democrática en Venezuela. Pronta, segura y profunda"". Mira el discurso completo aquí: https:// youtube.com/live/_uXTAPrTq _s?si=zVxxOOSFAwKi_0vt …",https://x.com/VPITV/status/2103184846558282036
77,2026-09-24 13:09,2026-09-24 18:09,@SegundoLaVerdad,Primero Colombia,,0,0,0,"JOSE MANUEL RESTREPO ES EL MEJOR VICEPRESIDENTE DE COLOMBIA, LOS COLOMBIANOS LE PEDIMOS AL PRESIDENTE DE LA ESPRIELLA QUE CONSIDERE ASISTIR A REUNIONES IMPORTANTES FUERA DEL PAIS CONOCEMOS DE SU PROMESA PERO LOS COLOMBIANOS QUEREMOS QUE TAMBIÉN PUEDA ASISTIR A ESAS REUNIONES.",https://x.com/SegundoLaVerdad/status/2103185005987921966
78,2026-09-24 13:09,2026-09-24 18:09,@ELTIEMPO,EL TIEMPO,,6,0,0,"""A quienes desde cualquier lugar del mundo estén buscando dónde invertir, quiero invitarlos a que miren a Colombia. Es un país con acceso a dos océanos, tierras productivas, recursos energéticos, enorme biodiversidad (...) sobre todo, miren a nuestra gente"": vicepresidente José",https://x.com/ELTIEMPO/status/2103185062183264291
79,2026-09-24 13:10,2026-09-24 18:10,@JavierCastroM1,Javier Castro Medina,,0,0,0,"Coincido con lo expresado hoy por José Manuel Restrepo ante la ONU: Colombia necesita recuperar la confianza y atraer inversión. Celebro este cambio de discurso. El Estado debe crear las condiciones para que la empresa privada invierta, crezca y genere empleo.",https://x.com/JavierCastroM1/status/2103185195365183848
80,2026-09-24 13:10,2026-09-24 18:10,@infobaecolombia,Infobae Colombia,,0,0,0,El vicepresidente José Manuel Restrepo leyó discurso de Abelardo de la Espriella en Naciones Unidas con críticas al globalismo y a la misma ONU: “No busco complacer a nadie” https:// infobae.com/colombia/2026/ 09/24/el-vicepresidente-jose-manuel-restrepo-leyo-discurso-de-abelardo-de-la-espriella-en-naciones-unidas-con-criticas-al-globalismo-y-a-la-misma-onu-no-busco-complacer-a-nadie/,https://x.com/infobaecolombia/status/2103185234468458708
81,2026-09-24 13:10,2026-09-24 18:10,@Canal1_Col,Canal 1,,0,0,1,"#EnPunto | Durante su intervención ante la ONU, el vicepresidente José Manuel Restrepo afirmó que Colombia confía en una transición democrática, pronta, segura y profunda en Venezuela. Canal 1 Noticias, #1EnInformación",https://x.com/Canal1_Col/status/2103185236716872148
82,2026-09-24 13:10,2026-09-24 18:10,@ElInformador_SM,El Informador Santa Marta,,1,0,1,“El narcotráfico es una empresa transnacional”: José Manuel Restrepo ante la ONU. El vicepresidente de Colombia llevó el mensaje del Gobierno de Abelardo De La Espriella ante la Asamblea General de Naciones Unidas y habló sobre la lucha contra el narcotráfico y el,https://x.com/ElInformador_SM/status/2103185277107724752
83,2026-09-24 13:10,2026-09-24 18:10,@lafm,La FM,,3,0,1,"#Internacional | El vicepresidente José Manuel Restrepo, a nombre del presidente Abelardo de la Espriella, cuestionó ante la ONU la eficacia de la organización para responder a los problemas del mundo actual y planteó interrogantes sobre su funcionamiento, burocracia y uso de",https://x.com/lafm/status/2103185329511411873
84,2026-09-24 13:10,2026-09-24 18:10,@Portafolioco,Portafolio,,1,2,0,"José Manuel Restrepo en la ONU: 'a quienes estén buscando dónde invertir, invito que miren a Colombia' El vicepresidente representó al en la Asamblea General de las Naciones Unidos. Detalles",https://x.com/Portafolioco/status/2103185351560888429
85,2026-09-24 13:10,2026-09-24 18:10,@UltimaHoraCR,ÚltimaHoraCaracol,,4,1,1,"#POLÍTICA “Mi país quiere unas Naciones Unidas cuya eficacia se mida menos por el volumen de documentos que produce y mucho más por los resultados que consigue”, fue el mensaje que entregó el vicepresidente José Manuel Restrepo ( @jrestrp ) ante la Asamblea de la ONU. Dijo que los",https://x.com/UltimaHoraCR/status/2103185428887028060
86,2026-09-24 13:11,2026-09-24 18:11,@jaimepasaje26,El defensor de la ley y la justicia,,0,0,0,Magistral discurso leído por el vicepresidente José Manuel Restrepo enviado ante la ONU por el presidente Abelardo de la espriella. Aplausos! No creó que Aída quilcue hubiera sido capaz de leerlo. Ahí les va!,https://x.com/jaimepasaje26/status/2103185466346418671
87,2026-09-24 13:11,2026-09-24 18:11,@cbuelvas77,Carlos Buelvas,,0,0,0,Debieron dejar a Netanyahu para el final como el artista principal de un concierto. José Manuel Restrepo fue a hablarle a las sillas desocupadas en la ONU.,https://x.com/cbuelvas77/status/2103185503424327701
88,2026-09-24 13:11,2026-09-24 18:11,@NOTICIASEDL,NOTICIAS EDL,,0,0,0,"#POLÍTICA | El vicepresidente José Manuel Restrepo instó a las Naciones Unidas a redoblar los esfuerzos internacionales para combatir el narcotráfico, advirtiendo que se trata de una amenaza transnacional que traspasa fronteras y cuyas redes operan en diversos países.",https://x.com/NOTICIASEDL/status/2103185532776050984
89,2026-09-24 13:12,2026-09-24 18:12,@nmasunivision,N+ UNIVISION,,0,0,0,"#LiveBlog | El vicepresidente José Manuel Restrepo llevó ante la ONU el mensaje del presidente Abelardo de la Espriella, quien recordó a las víctimas del terremoto que golpeó Colombia durante los primeros días de su gobierno.",https://x.com/nmasunivision/status/2103185722823897449
90,2026-09-24 13:12,2026-09-24 18:12,@UniPolitica,Univision Política,,0,0,0,"#LiveBlog | El vicepresidente José Manuel Restrepo llevó ante la ONU el mensaje del presidente Abelardo de la Espriella, quien recordó a las víctimas del terremoto que golpeó Colombia durante los primeros días de su gobierno.",https://x.com/UniPolitica/status/2103185768248201269
91,2026-09-24 13:13,2026-09-24 18:13,@RevistaSemana,Revista Semana,,2,0,0,"""Colombia quiere unas Naciones Unidas cuya eficacia se mida menos por el volumen de documentos que se produce, y mucho más por los resultados que se consiguen"": vicepresidente José Manuel Restrepo en discurso de Gobierno ante la ONU. https:// semana.com/semana-tv/sema na-noticias/articulo/jose-manuel-restrepo-interviene-en-la-asamblea-general-de-la-onu/202615/ …",https://x.com/RevistaSemana/status/2103186043696505245
92,2026-09-24 13:14,2026-09-24 18:14,@NuFloMa,Gladiadora,,0,0,0,Acabo de escuchar el discurso de José Manuel Restrepo en la ONU No me emociona Me pareció falso e hipócrita Solicitan que se defina que es TERRORISMO y son son ALIADOS de Israel La coherencia en el Culo,https://x.com/NuFloMa/status/2103186215105380600
93,2026-09-24 13:14,2026-09-24 18:14,@lafm,La FM,,0,0,0,"#Internacional | Colombia cuestionó el uso político de los derechos humanos y pidió a las Naciones Unidas una defensa “seria, coherente y exigente con todos”. El vicepresidente José Manuel Restrepo expresó, además, confianza en una transición democrática “pronta, segura y",https://x.com/lafm/status/2103186365370290254
94,2026-09-24 13:15,2026-09-24 18:15,@ELTIEMPO,EL TIEMPO,,1,0,0,"""Confiamos en una transición democrática, pronta, segura y profunda en Venezuela"", señaló el vicepresidente José Manuel Restrepo en su discurso ante la ONU. Minuto a minuto: https:// eltiempo.com/politica/gobie rno/vicepresidente-jose-manuel-restrepo-habla-ante-la-asamblea-general-de-la-onu-las-claves-de-su-discurso-3588643 …",https://x.com/ELTIEMPO/status/2103186603577614688
95,2026-09-24 13:16,2026-09-24 18:16,@Portafolioco,Portafolio,,0,0,0,"En medio de su discurso ante la Asamblea General de las Naciones Unidas, el vicepresidente de Colombia, José Manuel Restrepo, se refirió a la tragedia ocurrida el 10 de agosto, por el terremoto en Chocó, que dejó miles de familias afectadas, así como las viviendas, hospitales,",https://x.com/Portafolioco/status/2103186884964823168
96,2026-09-24 13:17,2026-09-24 18:17,@duvanmarinm,Duvan Marin,,0,0,0,"Señores @Canal1_Col : no olviden que es José Manuel Restrepo, no José Manuel Respetro",https://x.com/duvanmarinm/status/2103187022206669185
97,2026-09-24 13:18,2026-09-24 18:18,@Journal_UN_ONU,Journal of the United Nations,,0,0,0,"H.E. José Manuel Restrepo, Vice President of the Republic of Colombia @UN #GeneralDebate Access the recording and transcript of the statemen",https://x.com/Journal_UN_ONU/status/2103187349165531168
98,2026-09-24 13:19,2026-09-24 18:19,@pulzo,Pulzo,,0,0,0,"""No pedimos que hagan por nosotros"": sablazo del Gobierno de De la Espriella a la ONU en su primer discurso",https://x.com/pulzo/status/2103187462377877789
99,2026-09-24 13:20,2026-09-24 18:20,@Portafolioco,Portafolio,,0,0,0,"El vicepresidente José Manuel Restrepo, ante las Naciones Unidas hizo una invitación a los inversionistas del mundo entero para ""que miren a",https://x.com/Portafolioco/status/2103187945733718108
100,2026-09-24 13:24,2026-09-24 18:24,@lafm,La FM,,0,0,0,#Internacional | El vicepresidente José Manuel Restrepo planteó ante la ONU la necesidad de avanzar hacia una definición internacional común,https://x.com/lafm/status/2103188874281329054
101,2026-09-24 13:25,2026-09-24 18:25,@LaRazonCo,LA RAZÓN. CO,,0,0,0,"#Mundo | Durante su intervención ante la Asamblea General de las Naciones Unidas, el vicepresidente José Manuel Restrepo cuestionó si la org",https://x.com/LaRazonCo/status/2103188973929578899
102,2026-09-24 13:25,2026-09-24 18:25,@lafm,La FM,,0,0,0,"#Internacional | “Reconocer las imperfecciones de una institución como esta no significa desconocer su valor. Puede ser, por el contrario, u",https://x.com/lafm/status/2103189035971702902
103,2026-09-24 13:25,2026-09-24 18:25,@UltimaHoraCR,ÚltimaHoraCaracol,,0,0,0,"#POLÍTICA En el discurso ante la Asamblea de la ONU, el vicepresidente José Manuel Restrepo ( @jrestrp ) rechazó que “los derechos humanos s",https://x.com/UltimaHoraCR/status/2103189040107270194
104,2026-09-24 13:25,2026-09-24 18:25,@UltimaHoraCR,ÚltimaHoraCaracol,,1,0,0,"#POLÍTICA En el discurso ante la Asamblea de la ONU, el vicepresidente José Manuel Restrepo ( @jrestrp ) rechazó que “los derechos humanos s",https://x.com/UltimaHoraCR/status/2103189086357832072
105,2026-09-24 13:25,2026-09-24 18:25,@ELIHARKONNEN,Diego Magín Mendoza Mendoza,,0,0,0,José Manuel Restrepo interviene en la Asamblea General de la ONU https:// youtube.com/live/p7YtFK0pE UA?si=7ra-cJZIQ8D8FjNG … a través de @Y,https://x.com/ELIHARKONNEN/status/2103189144881283174
106,2026-09-24 13:26,2026-09-24 18:26,@ElPaisAmericaCo,EL PAÍS América Colombia,,0,1,0,"El vicepresidente José Manuel Restrepo lee un discurso escrito por el presidente De la Espriella, que no ha viajado a la Asamblea General de",https://x.com/ElPaisAmericaCo/status/2103189325756187009
107,2026-09-24 13:27,2026-09-24 18:27,@NOTICIASEDL,NOTICIAS EDL,,0,0,0,"#POLÍTICA | El vicepresidente José Manuel Restrepo, rechazó que las Naciones Unidas sigan usándose 'como bandera que se levanta contra unos",https://x.com/NOTICIASEDL/status/2103189476054852009
108,2026-09-24 13:27,2026-09-24 18:27,@nmasunivision,N+ UNIVISION,,0,0,0,"#LiveBlog | “Confiamos en una transición democrática en Venezuela, pronta, segura y profunda”: el vicepresidente José Manuel Restrepo leyó a",https://x.com/nmasunivision/status/2103189481167728982
109,2026-09-24 13:27,2026-09-24 18:27,@UniPolitica,Univision Política,,0,0,0,"#LiveBlog | “Confiamos en una transición democrática en Venezuela, pronta, segura y profunda”: el vicepresidente José Manuel Restrepo leyó a",https://x.com/UniPolitica/status/2103189522791931969
110,2026-09-24 13:28,2026-09-24 18:28,@Juangg_Col,Juan F. Garzón,,0,0,0,"Como colombiano realmente me siento representado, en las palabras escritas de Abelardo y el desempeño, dicción y fluidez con la que habló Jo",https://x.com/Juangg_Col/status/2103189750374875424
111,2026-09-24 13:28,2026-09-24 18:28,@ELTIEMPO,EL TIEMPO,,1,0,0,"""Los Estados necesitamos más herramientas para combatir el terrorismo"": el llamado del vicepresidente José Manuel Restrepo en su discurso an",https://x.com/ELTIEMPO/status/2103189971385606179
112,2026-09-24 13:29,2026-09-24 18:29,@larepublica_co,Diario La República,,0,0,0,#Atento I El presidente Abelardo de la Espriella llamó al vicepresidente José Manuel Restrepo tan pronto finalizó su intervención ante la As,https://x.com/larepublica_co/status/2103189996433989829
113,2026-09-24 13:29,2026-09-24 18:29,@GOYECK,Alejandro Acevedo,,0,0,0,"Gracias Sr. Vicepresidente José Manuel Restrepo @jrestrp Excelente intervención, maravillosa representación de la delegación Colombiana, de",https://x.com/GOYECK/status/2103190158350647675
114,2026-09-24 13:30,2026-09-24 18:30,@kienyke,Kienyke,,1,0,0,"Durante su intervención en la Asamblea General de la ONU, ( @ONU_es ) el vicepresidente José Manuel Restrepo ( @jrestrp ) cuestionó la eficacia del organismo pa",https://x.com/kienyke/status/2103190258896765278
115,2026-09-24 13:30,2026-09-24 18:30,@elespectador,El Espectador,,1,0,0,El vicepresidente José Manuel Restrepo habló ante la Asamblea General con un discurso escrito por el presidente Abelardo de la Espriella. Esto dijo,https://x.com/elespectador/status/2103190311421817122
116,2026-09-24 13:31,2026-09-24 18:31,@Teleantioquia,Teleantioquia,,0,0,0,Colombia habla ante el mundo. El vicepresidente José Manuel Restrepo leyó ante la Asamblea General de la ONU un discurso del presidente Abelardo De La Espriella,https://x.com/Teleantioquia/status/2103190637201805387
117,2026-09-24 13:32,2026-09-24 18:32,@Danielbricen,Daniel F. Briceño,,16,5,1,“Colombia requiere unas Naciones Unidas cuya eficacia se mida menos por el volumen de documentos que produce y mucho más por los result,https://x.com/Danielbricen/status/2103190881780306154
118,2026-09-24 13:33,2026-09-24 18:33,@LaRazonCo,LA RAZÓN. CO,,0,0,0,"#Mundo | Ante la Asamblea General de la ONU, José Manuel Restrepo reconoció que 47 días son insuficientes para transformar el país, aunque consideró que ese per",https://x.com/LaRazonCo/status/2103191168829812756
119,2026-09-24 13:34,2026-09-24 18:34,@UltimaHoraCR,ÚltimaHoraCaracol,,0,0,0,#POLÍTICA El vicepresidente José Manuel Restrepo ( @jrestrp ) urgió la necesidad de concretar una mayor acción de la comunidad internacional para enfrentar el n,https://x.com/UltimaHoraCR/status/2103191235397632290
120,2026-09-24 13:35,2026-09-24 18:35,@marchenojob,Oswaldo Marchena M.,,0,0,0,"“¿Está la ONU cumpliendo aquellos propósitos con la eficacia que exige el mundo actual?”, preguntó el vicepresidente José Manuel Restrepo ante la Asam",https://x.com/marchenojob/status/2103191612188746181
121,2026-09-24 13:36,2026-09-24 18:36,@marchenojob,Oswaldo Marchena M.,,0,0,0,"""A quienes desde cualquier lugar del mundo están buscando dónde invertir, quiero invitarlos a que miren a Colombia"": vicepresidente José Manuel Restre",https://x.com/marchenojob/status/2103191857190625528
122,2026-09-24 13:36,2026-09-24 18:36,@ELTIEMPO,EL TIEMPO,,0,0,0,"""Colombia no viene hoy ante el mundo a pedir que otros hagan por nosotros lo que nos corresponde hacer"": aseguró el vicepresidente José Manuel Restrep",https://x.com/ELTIEMPO/status/2103191877025710322
123,2026-09-24 13:36,2026-09-24 18:36,@jmrodri2017,jmrodriguez,,0,0,0,EN VIVO: José Manuel Restrepo vicepresidente de Colombia habla ante la Asamblea General de la ONU,https://x.com/jmrodri2017/status/2103191910693458229
124,2026-09-24 13:36,2026-09-24 18:36,@RedMasNoticias,Red+ Noticias,,0,0,0,#ATENCIÓN | “He sido crítico de esta organización”: vicepresidente José Manuel Restrepo cuestiona el papel de las Naciones Unidas ante la Asamblea Gen,https://x.com/RedMasNoticias/status/2103191954846593385
125,2026-09-24 13:37,2026-09-24 18:37,@elespectador,El Espectador,,0,0,0,El vicepresidente José Manuel Restrepo habló ante el pleno de la Asamblea General de las Naciones Unidas este jueves al mediodía. Los ejes de su discu,https://x.com/elespectador/status/2103192131963646409
126,2026-09-24 13:39,2026-09-24 18:39,@Anitaestelar444,Anita Estelar,,0,0,0,"José Manuel Restrepo habla de terrorismo, seguridad y confianza en Colom... https:// youtu.be/Ie6p2uEMZ-8?si =opPGr7l4Ni3uvl5U … a través de @YouTube",https://x.com/Anitaestelar444/status/2103192528681877655
127,2026-09-24 13:39,2026-09-24 18:39,@ELTIEMPO,EL TIEMPO,,0,0,0,"""Mejor representado no pude estar"". Así fue la llamada del presidente Abelardo De La Espriella con el vicepresidente José Manuel Restrepo luego de su",https://x.com/ELTIEMPO/status/2103192569333043691
128,2026-09-24 13:39,2026-09-24 18:39,@lafm,La FM,,2,1,0,"#Internacional | “Vengan a Colombia, inviertan en Colombia, crezcan y prosperen con Colombia, crean en Colombia”: durante su intervención ante la ONU,",https://x.com/lafm/status/2103192689525264804
129,2026-09-24 13:40,2026-09-24 18:40,@UltimaHoraCR,ÚltimaHoraCaracol,,0,0,0,"#POLÍTICA Al terminar su discurso ante la Asamblea General de la ONU, el vicepresidente José Manuel Restrepo recibió una llamada del presidente Abelar",https://x.com/UltimaHoraCR/status/2103192750124372221
130,2026-09-24 13:40,2026-09-24 18:40,@lafm,La FM,,1,0,0,Propuesta de Colombia en la ONU: vicepresidente José Manuel Restrepo plantea marco jurídico global para combatir el terrorismo,https://x.com/lafm/status/2103192757468831854
131,2026-09-24 13:42,2026-09-24 18:42,@ELTIEMPO,EL TIEMPO,,3,0,0,Reviva acá la intervención del vicepresidente José Manuel Restrepo ante la ONU,https://x.com/ELTIEMPO/status/2103193273426751971
132,2026-09-24 13:42,2026-09-24 18:42,@cartaGRD,Carlos Andrés Cartagena Cano,,0,0,0,"Sin lugar a dudas, Colombia tiene una dupla de lujo: Abelardo de la Espriella y José Manuel Restrepo. Dos liderazgos, una misma misión: recuperar nues",https://x.com/cartaGRD/status/2103193294922535001
133,2026-09-24 13:42,2026-09-24 18:42,@NOTICIASEDL,NOTICIAS EDL,,0,0,0,"#POLÍTICA | Luego de haber culminado su discurso en las Naciones Unidas, el presidente Abelardo de la Espriella ( @ABDELAESPRIELLA ) llamó al vicepres",https://x.com/NOTICIASEDL/status/2103193400065630485
134,2026-09-24 13:42,2026-09-24 18:42,@LaRazonCo,LA RAZÓN. CO,,0,0,0,#Nación | El vicepresidente José Manuel Restrepo cuestionó ante la Asamblea General de la ONU que la defensa de los derechos humanos esté sujeta a cál,https://x.com/LaRazonCo/status/2103193493392838964
135,2026-09-24 13:46,2026-09-24 18:46,@CuestaChalo,Luís Gonzalo Cuesta Iglesias,,0,0,0,"Qué bajonazo... Ya no tenemos quien nos represente ante el mundo. Y lo peor, el delegado sólo va a mentir y a ensalzar un gobierno mediocre e indolent",https://x.com/CuestaChalo/status/2103194377971437955
136,2026-09-24 13:46,2026-09-24 18:46,@RedMasNoticias,Red+ Noticias,,0,0,0,#ATENCIÓN | “Los estamos enfrentando con toda la fuerza legítima”: vicepresidente José Manuel Restrepo recalca ante la ONU el compromiso de Colombia p,https://x.com/RedMasNoticias/status/2103194503297249713
137,2026-09-24 13:47,2026-09-24 18:47,@GermanRSenador,Germán Rodríguez,,0,0,0,Colombia está bien representada por el vicepresidente José Manuel Restrepo. Su mensaje ante la ONU es contundente. Colombia no se va a arrodillar ante,https://x.com/GermanRSenador/status/2103194525409898954
138,2026-09-24 13:48,2026-09-24 18:48,@Teleantioquia,Teleantioquia,,0,0,0,"El vicepresidente José Manuel Restrepo también señaló que, aunque 47 días de Gobierno son insuficientes para cambiar un país, sí permiten comenzar a m",https://x.com/Teleantioquia/status/2103194878356099107
